Garbelia,Military Specialist
Ottia,Economic Specialist
Larbel_Island,Strategic Specialist
Farbelia,Strategic Specialist
Garbelifarm1,Military Specialist
Garbelifarm2,Economic Specialist
Garbelia_1,Strategic Specialist
Garbelia_2,Strategic Specialist
Garbelia_3,Military Specialist
Garbelia_4,Military Specialist
Garbelia_5,Military Specialist
Garbelia_6,Cleanup Specialist
Garbelia_7,Economic Specialist
Garbelia_8,Economic Specialist
Garbelia_9,Military Specialist
Garbelia_10,Economic Specialist
Garbelia_11,Cleanup Specialist
Garbelia_12,Military Specialist
Garbelia_13,Strategic Specialist
Garbelia_14,Economic Specialist
Garbelia_15,Cleanup Specialist
Garbelia_16,Economic Specialist
Garbelia_17,Military Specialist
Garbelia_18,Military Specialist
Garbelia_19,Military Specialist
Garbelia_20,Economic Specialist
Garbelia_21,Strategic Specialist
Garbelia_22,Strategic Specialist
Garbelia_23,Economic Specialist
Garbelia_24,Economic Specialist
Garbelia_25,Strategic Specialist
Garbelia_26,Strategic Specialist
Garbelia_27,Military Specialist
Garbelia_28,Strategic Specialist
Garbelia_29,Economic Specialist
Garbelia_30,Economic Specialist
Garbelia_31,Strategic Specialist
Garbelia_32,Strategic Specialist
Garbelia_33,Military Specialist
Garbelia_34,Economic Specialist
Garbelia_35,Military Specialist
Garbelia_36,Economic Specialist
Garbelia_37,Strategic Specialist
Garbelia_38,Military Specialist
Garbelia_39,Economic Specialist
Garbelia_40,Strategic Specialist
Garbelia_41,Military Specialist
Garbelia_42,Economic Specialist
Garbelia_43,Strategic Specialist
Garbelia_44,Economic Specialist
Garbelia_45,Economic Specialist
Garbelia_46,Economic Specialist
Garbelia_47,Military Specialist
Garbelia_48,Economic Specialist
Garbelia_48,Economic Specialist
Garbelia_49,Military Specialist
Garbelia_50,Strategic Specialist
Garbelia_51,Economic Specialist
Garbelia_52,Military Specialist
Garbelia_53,Strategic Specialist
Garbelia_54,Economic Specialist
Garbelia_55,Military Specialist
Garbelia_56,Military Specialist
Garbelia_57,Military Specialist
Garbelia_58,Cleanup Specialist
Garbelia_59,Strategic Specialist
Garbelia_60,Economic Specialist
Garbelia_61,Economic Specialist
Garbelia_62,Military Specialist
Garbelia_63,Strategic Specialist
Garbelia_64,Economic Specialist
Garbelia_65,Economic Specialist
Garbelia_66,Economic Specialist
Garbelia_67,Strategic Specialist
Garbelia_68,Strategic Specialist
Garbelia_69,Economic Specialist
Garbelia_70,Strategic Specialist
Garbelia_71,Military Specialist
Garbelia_72,Economic Specialist
Garbelia_73,Military Specialist
Garbelia_74,Strategic Specialist
Garbelia_75,Strategic Specialist
Garbelia_76,Military Specialist
Garbelia_77,Strategic Specialist
Garbelia_78,Cleanup Specialist
Garbelia_79,Economic Specialist
Garbelia_80,Strategic Specialist
Garbelia_81,Military Specialist
Garbelia_82,Economic Specialist
Garbelia_83,Economic Specialist
Garbelia_84,Strategic Specialist
Garbelia_85,Economic Specialist
Garbelia_86,Military Specialist
Garbelia_87,Strategic Specialist
Garbelia_88,Strategic Specialist
Garbelia_89,Military Specialist
Garbelia_90,Strategic Specialist
Garbelia_91,Military Specialist
Garbelia_92,Strategic Specialist
Garbelia_93,Cleanup Specialist
Garbelia_94,Economic Specialist
Garbelia_95,Strategic Specialist
Garbelia_96,Military Specialist
Garbelia_97,Strategic Specialist
Garbelia_98,Strategic Specialist
Garbelia_99,Economic Specialist
Garbelia_100,Military Specialist
